,variable,y_1,y_2,y_3,y_4
0,y_1,0.0,2.296775783571396,2.3746052303488256,1.6284443496785512
1,y_2,2.296775783571396,0.0,2.727616358654567,2.1957067199423514
2,y_3,2.3746052303488256,2.727616358654567,0.0,2.227891155330529
3,y_4,1.6284443496785512,2.1957067199423514,2.227891155330529,0.0
