,variable,y_0,y_1,y_2,y_3
0,x_0,1.9426235578216813,0.015162451143318292,1.6618584227488657,1.9221382586972655
1,x_1,2.303666932543253,2.4287762054857227,0.013651246179207824,1.8345387947903684
2,x_2,0.12819699276804644,2.0604100737810715,1.9141868849290113,2.6951746159882144
3,x_3,1.23497589218831,2.0172937377491684,2.681882057827218,0.4966433470364802
4,x_4,2.455164488095083,2.366595711720329,1.6470567364945878,0.34538015115342885
